,,Correlation
46708275344@s.whatsapp.net,Bad Boy,0.7235655333169766
46708275344@s.whatsapp.net,Big Boss,0.786372666732467
46708275344@s.whatsapp.net,Dadusko,-0.12845869072885
46708275344@s.whatsapp.net,Goldfinger,0.5891970806384486
46708275344@s.whatsapp.net,Goldfinger SOB,0.5887367834992749
46708275344@s.whatsapp.net,Goldy Finger,0.5366673667172503
46708275344@s.whatsapp.net,Gooooosssse,0.17209655519804642
46708275344@s.whatsapp.net,Goose,0.7982536669818557
46708275344@s.whatsapp.net,Goose System,0.8948826601713498
46708275344@s.whatsapp.net,Goose.4444,0.5931882272374411
46708275344@s.whatsapp.net,Jose Topgun,0.6756668458599677
46708275344@s.whatsapp.net,KakaoKalk,-0.17948089547214083
46708275344@s.whatsapp.net,KakaoTalk,-0.21695492859269766
46708275344@s.whatsapp.net,Maverick,0.9447038455114181
46708275344@s.whatsapp.net,Maverick SOB,0.925108905467873
46708275344@s.whatsapp.net,Maverick.4444,0.5426835682698142
46708275344@s.whatsapp.net,Michael Jonson,-0.1719643917371541
46708275344@s.whatsapp.net,Mike Jonson,0.391350216613467
46708275344@s.whatsapp.net,Mike.Jonson,-0.04159420199802983
46708275344@s.whatsapp.net,Rupert Beae,0.6735903459808368
46708275344@s.whatsapp.net,Telegram,0.696896498361496
46708275344@s.whatsapp.net,Twi Grey,0.37724383452160537
46708275344@s.whatsapp.net,Twilight G,0.437998792795796
46708275344@s.whatsapp.net,Twilight Grey,0.5528182835626287
46708275344@s.whatsapp.net,TwilightGrey,0.6613345455756902
46708275344@s.whatsapp.net,Unmatched Telegram User,0.15076004172195206
46708275344@s.whatsapp.net,blondtrip24,-0.024988927684105874
46708275344@s.whatsapp.net,kikteam,0.5512627503787181
46708275344@s.whatsapp.net,ladyancy96,-0.08480345531984292
46708275344@s.whatsapp.net,maverick,0.28868315203732187
46708275344@s.whatsapp.net,status@broadcast,-0.026626286690921982
Bad Boy,46708275344@s.whatsapp.net,0.7235655333169766
Bad Boy,Big Boss,0.5226603315218925
Bad Boy,Dadusko,-0.25297688704032967
Bad Boy,Goldfinger,0.5612851681866908
Bad Boy,Goldfinger SOB,0.7472102504136023
Bad Boy,Goldy Finger,0.5091405857024909
Bad Boy,Gooooosssse,0.48255530837364785
Bad Boy,Goose,0.7086045394668459
Bad Boy,Goose System,0.75814050899036
Bad Boy,Goose.4444,0.6194537773843157
Bad Boy,Jose Topgun,0.5183625560397518
Bad Boy,KakaoKalk,-0.1966342764246322
Bad Boy,KakaoTalk,-0.15730742113970575
Bad Boy,Maverick,0.7413275625743133
Bad Boy,Maverick SOB,0.80835522105156
Bad Boy,Maverick.4444,0.5613367792314183
Bad Boy,Michael Jonson,-0.14553017627161788
Bad Boy,Mike Jonson,0.23391168708764173
Bad Boy,Mike.Jonson,0.3132883054027149
Bad Boy,Rupert Beae,0.42242416273939565
Bad Boy,Telegram,0.7305080254922885
Bad Boy,Twi Grey,0.1385966998622076
Bad Boy,Twilight G,0.20186989592550816
Bad Boy,Twilight Grey,0.3168091735307022
Bad Boy,TwilightGrey,0.6281593389905766
Bad Boy,Unmatched Telegram User,0.06042345417905403
Bad Boy,blondtrip24,0.21615889333602364
Bad Boy,kikteam,0.01966342764246322
Bad Boy,ladyancy96,-0.044792878969787245
Bad Boy,maverick,0.5819995206253297
Bad Boy,status@broadcast,-0.1348349324054621
Big Boss,46708275344@s.whatsapp.net,0.786372666732467
Big Boss,Bad Boy,0.5226603315218925
Big Boss,Dadusko,-0.10417877696606653
Big Boss,Goldfinger,0.33497931463844555
Big Boss,Goldfinger SOB,0.6357389682975264
Big Boss,Goldy Finger,0.34944986570924913
Big Boss,Gooooosssse,0.2822330954661147
Big Boss,Goose,0.8058201778984088
Big Boss,Goose System,0.8682657155460163
Big Boss,Goose.4444,0.6393138948984589
Big Boss,Jose Topgun,0.5707553219253855
Big Boss,KakaoKalk,-0.16698207078700852
Big Boss,KakaoTalk,0.02414198613788077
Big Boss,Maverick,0.9044652169417096
Big Boss,Maverick SOB,0.8392796426331175
Big Boss,Maverick.4444,0.5397562073710048
Big Boss,Michael Jonson,0.05834326505522382
Big Boss,Mike Jonson,0.13354223671349671
Big Boss,Mike.Jonson,-0.14262606208316933
Big Boss,Rupert Beae,0.7300970577013387
Big Boss,Telegram,0.7046986066972346
Big Boss,Twi Grey,0.392665394760768
Big Boss,Twilight G,0.5138994215332644
Big Boss,Twilight Grey,0.6793801716605034
Big Boss,TwilightGrey,0.7934578451539659
Big Boss,Unmatched Telegram User,0.04044142826124697
Big Boss,blondtrip24,-0.2189104377757024
Big Boss,kikteam,0.6357389682975264
Big Boss,ladyancy96,-0.15066322658295947
Big Boss,maverick,0.4343929622782353
Big Boss,status@broadcast,-0.18796260635921438
Dadusko,46708275344@s.whatsapp.net,-0.12845869072885
Dadusko,Bad Boy,-0.2529768870403297
Dadusko,Big Boss,-0.10417877696606653
Dadusko,Goldfinger,-0.08817205357100706
Dadusko,Goldfinger SOB,-0.0714741689891863
Dadusko,Goldy Finger,0.12956442207352364
Dadusko,Gooooosssse,-0.1545696830428667
Dadusko,Goose,-0.1454019313650883
Dadusko,Goose System,-0.04640341722837867
Dadusko,Goose.4444,-0.14607949895422265
Dadusko,Jose Topgun,0.08285716030250105
Dadusko,KakaoKalk,-0.07147416898918633
Dadusko,KakaoTalk,-0.07147416898918635
Dadusko,Maverick,-0.10921970405480827
Dadusko,Maverick SOB,-0.22454720298289285
Dadusko,Maverick.4444,0.38158166688116235
Dadusko,Michael Jonson,-0.17272963219023751
Dadusko,Mike Jonson,-0.1530432982478543
Dadusko,Mike.Jonson,-0.13682834112396472
Dadusko,Rupert Beae,-0.038016903151228035
Dadusko,Telegram,-0.14589603651080288
Dadusko,Twi Grey,0.04121853993327595
Dadusko,Twilight G,-0.14302345929207552
Dadusko,Twilight Grey,0.04395935957271119
Dadusko,TwilightGrey,-0.03862696519684538
Dadusko,Unmatched Telegram User,0.37291668092175767
Dadusko,blondtrip24,-0.15314711755274835
Dadusko,kikteam,-0.07147416898918632
Dadusko,ladyancy96,0.7682911595147685
Dadusko,maverick,-0.14913428876177118
Dadusko,status@broadcast,-0.12252714683860523
Goldfinger,46708275344@s.whatsapp.net,0.5891970806384484
Goldfinger,Bad Boy,0.5612851681866909
Goldfinger,Big Boss,0.33497931463844555
Goldfinger,Dadusko,-0.08817205357100708
Goldfinger,Goldfinger SOB,0.29317542012520725
Goldfinger,Goldy Finger,0.859785665372796
Goldfinger,Gooooosssse,-0.06828868398348367
Goldfinger,Goose,0.44430092170347213
Goldfinger,Goose System,0.5307260800753203
Goldfinger,Goose.4444,0.25505339586980014
Goldfinger,Jose Topgun,0.6565865427839039
Goldfinger,KakaoKalk,-0.3036459708439647
Goldfinger,KakaoTalk,-0.14087650057964504
Goldfinger,Maverick,0.5222548844065332
Goldfinger,Maverick SOB,0.565278578878226
Goldfinger,Maverick.4444,0.1242023253480502
Goldfinger,Michael Jonson,-0.014017778921648663
Goldfinger,Mike Jonson,0.21899086867567283
Goldfinger,Mike.Jonson,0.2552301125735647
Goldfinger,Rupert Beae,0.5925631654415795
Goldfinger,Telegram,0.45815773130212273
Goldfinger,Twi Grey,0.5656462483977245
Goldfinger,Twilight G,0.5001176671431268
Goldfinger,Twilight Grey,0.5874099475928528
Goldfinger,TwilightGrey,0.25835343411632455
Goldfinger,Unmatched Telegram User,0.014868657337770777
Goldfinger,blondtrip24,0.2979531584978876
Goldfinger,kikteam,0.0942349564688166
Goldfinger,ladyancy96,-0.16967229657504695
Goldfinger,maverick,0.08201935234608093
Goldfinger,status@broadcast,0.05303265948461539
Goldfinger SOB,46708275344@s.whatsapp.net,0.588736783499275
Goldfinger SOB,Bad Boy,0.7472102504136022
Goldfinger SOB,Big Boss,0.6357389682975265
Goldfinger SOB,Dadusko,-0.07147416898918632
Goldfinger SOB,Goldfinger,0.2931754201252073
Goldfinger SOB,Goldy Finger,0.3721667349695454
Goldfinger SOB,Gooooosssse,0.3761034844843336
Goldfinger SOB,Goose,0.6629137341509671
Goldfinger SOB,Goose System,0.8068289550122998
Goldfinger SOB,Goose.4444,0.8535444574184738
Goldfinger SOB,Jose Topgun,0.47871462827122574
Goldfinger SOB,KakaoKalk,-0.055555555555555546
Goldfinger SOB,KakaoTalk,-0.05555555555555555
Goldfinger SOB,Maverick,0.7368198847504304
Goldfinger SOB,Maverick SOB,0.666772756423352
Goldfinger SOB,Maverick.4444,0.6832199906713015
Goldfinger SOB,Michael Jonson,-0.13425956276157974
Goldfinger SOB,Mike Jonson,0.13217526428635737
Goldfinger SOB,Mike.Jonson,-0.10635415023904651
Goldfinger SOB,Rupert Beae,0.3759396163915747
Goldfinger SOB,Telegram,0.7484551991837488
Goldfinger SOB,Twi Grey,0.23494835587210927
Goldfinger SOB,Twilight G,0.25617319916653586
Goldfinger SOB,Twilight Grey,0.4542440577669091
Goldfinger SOB,TwilightGrey,0.9207368843792509
Goldfinger SOB,Unmatched Telegram User,-0.014226319992543994
Goldfinger SOB,blondtrip24,-0.11903843469186955
Goldfinger SOB,kikteam,-0.055555555555555546
Goldfinger SOB,ladyancy96,-0.07909649964604157
Goldfinger SOB,maverick,0.6998093293157293
Goldfinger SOB,status@broadcast,-0.09523809523809527
Goldy Finger,46708275344@s.whatsapp.net,0.5366673667172502
Goldy Finger,Bad Boy,0.5091405857024909
Goldy Finger,Big Boss,0.34944986570924913
Goldy Finger,Dadusko,0.12956442207352362
Goldy Finger,Goldfinger,0.859785665372796
Goldy Finger,Goldfinger SOB,0.3721667349695454
Goldy Finger,Gooooosssse,-0.04180847627355237
Goldy Finger,Goose,0.3283595167517035
Goldy Finger,Goose System,0.5546524796197504
Goldy Finger,Goose.4444,0.27908704850259336
Goldy Finger,Jose Topgun,0.7586714535490309
Goldy Finger,KakaoKalk,-0.23696009342630237
Goldy Finger,KakaoTalk,-0.05157366739278345
Goldy Finger,Maverick,0.5050253540830822
Goldy Finger,Maverick SOB,0.4963079219972365
Goldy Finger,Maverick.4444,0.23330333254572153
Goldy Finger,Michael Jonson,-0.06863436848731004
Goldy Finger,Mike Jonson,-0.015918063064403146
Goldy Finger,Mike.Jonson,0.07790047816888389
Goldy Finger,Rupert Beae,0.4718613573879649
Goldy Finger,Telegram,0.39207566500628077
Goldy Finger,Twi Grey,0.5880538437622919
Goldy Finger,Twilight G,0.507397466376373
Goldy Finger,Twilight Grey,0.5852107321132861
Goldy Finger,TwilightGrey,0.3331258444800492
Goldy Finger,Unmatched Telegram User,-0.02337936273558457
Goldy Finger,blondtrip24,0.0005194193912084963
Goldy Finger,kikteam,-0.025089892245137888
Goldy Finger,ladyancy96,0.001984522653086784
Goldy Finger,maverick,0.1318476329666307
Goldy Finger,status@broadcast,-0.14516294798972637
Gooooosssse,46708275344@s.whatsapp.net,0.17209655519804642
Gooooosssse,Bad Boy,0.48255530837364785
Gooooosssse,Big Boss,0.28223309546611475
Gooooosssse,Dadusko,-0.1545696830428667
Gooooosssse,Goldfinger,-0.06828868398348367
Gooooosssse,Goldfinger SOB,0.3761034844843336
Gooooosssse,Goldy Finger,-0.04180847627355237
Gooooosssse,Goose,0.3816660037988234
Gooooosssse,Goose System,0.2926744104360702
Gooooosssse,Goose.4444,0.2161001756636017
Gooooosssse,Jose Topgun,0.020598510481752638
Gooooosssse,KakaoKalk,-0.1201441686547177
Gooooosssse,KakaoTalk,0.4753530151121439
Gooooosssse,Maverick,0.29886846303093967
Gooooosssse,Maverick SOB,0.37209327367535955
Gooooosssse,Maverick.4444,0.4772803254810371
Gooooosssse,Michael Jonson,0.5191567501878497
Gooooosssse,Mike Jonson,0.07332457675458665
Gooooosssse,Mike.Jonson,0.12548439327639732
Gooooosssse,Rupert Beae,0.26750292799829295
Gooooosssse,Telegram,0.2004597059771352
Gooooosssse,Twi Grey,0.08836489531736556
Gooooosssse,Twilight G,0.18269692641928958
Gooooosssse,Twilight Grey,0.14211699695264707
Gooooosssse,TwilightGrey,0.2986144181919272
Gooooosssse,Unmatched Telegram User,0.17255583478886424
Gooooosssse,blondtrip24,-0.06326304467144
Gooooosssse,kikteam,-0.020894638026907428
Gooooosssse,ladyancy96,0.2811230332538364
Gooooosssse,maverick,0.8537876351105276
Gooooosssse,status@broadcast,-0.20596143197951605
Goose,46708275344@s.whatsapp.net,0.7982536669818557
Goose,Bad Boy,0.7086045394668459
Goose,Big Boss,0.8058201778984087
Goose,Dadusko,-0.1454019313650883
Goose,Goldfinger,0.44430092170347213
Goose,Goldfinger SOB,0.6629137341509671
Goose,Goldy Finger,0.32835951675170355
Goose,Gooooosssse,0.3816660037988234
Goose,Goose System,0.8639769181537761
Goose,Goose.4444,0.6325218910823001
Goose,Jose Topgun,0.6365270201382444
Goose,KakaoKalk,-0.20324289270531082
Goose,KakaoTalk,-0.13106317380062094
Goose,Maverick,0.8367302631549799
Goose,Maverick SOB,0.8901371800943274
Goose,Maverick.4444,0.6584528709634848
Goose,Michael Jonson,-0.008750425670589103
Goose,Mike Jonson,0.4492009507172356
Goose,Mike.Jonson,-0.15284148856483892
Goose,Rupert Beae,0.7471882185504775
Goose,Telegram,0.7343548096317023
Goose,Twi Grey,0.4293991160514736
Goose,Twilight G,0.4724719961453131
Goose,Twilight Grey,0.5798158959819492
Goose,TwilightGrey,0.6724934037701586
Goose,Unmatched Telegram User,0.06347565333632571
Goose,blondtrip24,-0.2001363943346996
Goose,kikteam,0.4463745774368974
Goose,ladyancy96,0.008653889346891023
Goose,maverick,0.45725058455814627
Goose,status@broadcast,0.06919484331088686
Goose System,46708275344@s.whatsapp.net,0.8948826601713497
Goose System,Bad Boy,0.75814050899036
Goose System,Big Boss,0.8682657155460163
Goose System,Dadusko,-0.04640341722837867
Goose System,Goldfinger,0.5307260800753203
Goose System,Goldfinger SOB,0.8068289550122999
Goose System,Goldy Finger,0.5546524796197504
Goose System,Gooooosssse,0.2926744104360702
Goose System,Goose,0.863976918153776
Goose System,Goose.4444,0.7220967562484699
Goose System,Jose Topgun,0.7721757374594046
Goose System,KakaoKalk,-0.1578469108248363
Goose System,KakaoTalk,-0.1578469108248362
Goose System,Maverick,0.9557157833196778
Goose System,Maverick SOB,0.9492696387035545
Goose System,Maverick.4444,0.6716001633218909
Goose System,Michael Jonson,-0.13188761301198407
Goose System,Mike Jonson,0.2596503753838692
Goose System,Mike.Jonson,-0.10281631161656926
Goose System,Rupert Beae,0.6317967109436797
Goose System,Telegram,0.7150048042782055
Goose System,Twi Grey,0.4668052631156503
Goose System,Twilight G,0.502655192111454
Goose System,Twilight Grey,0.7093999865873933
Goose System,TwilightGrey,0.8357896510280821
Goose System,Unmatched Telegram User,0.07086451844564637
Goose System,blondtrip24,-0.1406819060039162
Goose System,kikteam,0.38657412237037925
Goose System,ladyancy96,-0.04523278067626922
Goose System,maverick,0.49438238266030576
Goose System,status@broadcast,-0.09457888150878492
Goose.4444,46708275344@s.whatsapp.net,0.5931882272374411
Goose.4444,Bad Boy,0.6194537773843157
Goose.4444,Big Boss,0.6393138948984589
Goose.4444,Dadusko,-0.14607949895422268
Goose.4444,Goldfinger,0.25505339586980014
Goose.4444,Goldfinger SOB,0.8535444574184737
Goose.4444,Goldy Finger,0.27908704850259336
Goose.4444,Gooooosssse,0.21610017566360173
Goose.4444,Goose,0.6325218910823002
Goose.4444,Goose System,0.72209675624847
Goose.4444,Jose Topgun,0.40256823557850585
Goose.4444,KakaoKalk,-0.11354490488594383
Goose.4444,KakaoTalk,-0.11354490488594374
Goose.4444,Maverick,0.7251889808115085
Goose.4444,Maverick SOB,0.625724032499463
Goose.4444,Maverick.4444,0.6862780334084619
Goose.4444,Michael Jonson,-0.2294558473232825
Goose.4444,Mike Jonson,0.3763342201601946
Goose.4444,Mike.Jonson,-0.13467596662945516
Goose.4444,Rupert Beae,0.453997820917022
Goose.4444,Telegram,0.6185929879720686
Goose.4444,Twi Grey,0.1274483874928083
Goose.4444,Twilight G,0.27115214733555126
Goose.4444,Twilight Grey,0.4277892989692297
Goose.4444,TwilightGrey,0.8633189814778363
Goose.4444,Unmatched Telegram User,-0.13384926687876791
Goose.4444,blondtrip24,-0.0631026550487165
Goose.4444,kikteam,-0.03915341547791163
Goose.4444,ladyancy96,-0.1616580815241757
Goose.4444,maverick,0.5219433647103323
Goose.4444,status@broadcast,0.12417226051566263
Jose Topgun,46708275344@s.whatsapp.net,0.6756668458599678
Jose Topgun,Bad Boy,0.5183625560397518
Jose Topgun,Big Boss,0.5707553219253855
Jose Topgun,Dadusko,0.08285716030250105
Jose Topgun,Goldfinger,0.6565865427839039
Jose Topgun,Goldfinger SOB,0.47871462827122574
Jose Topgun,Goldy Finger,0.7586714535490308
Jose Topgun,Gooooosssse,0.020598510481752638
Jose Topgun,Goose,0.6365270201382444
Jose Topgun,Goose System,0.7721757374594047
Jose Topgun,Goose.4444,0.40256823557850585
Jose Topgun,KakaoKalk,-0.21501589235910987
Jose Topgun,KakaoTalk,-0.17647530787964674
Jose Topgun,Maverick,0.652850664536089
Jose Topgun,Maverick SOB,0.7215429343048289
Jose Topgun,Maverick.4444,0.40786864250156135
Jose Topgun,Michael Jonson,-0.12959934719172103
Jose Topgun,Mike Jonson,0.117271819066326
Jose Topgun,Mike.Jonson,-0.19027762530578968
Jose Topgun,Rupert Beae,0.4459567562372842
Jose Topgun,Telegram,0.4107435448789775
Jose Topgun,Twi Grey,0.6870571036210152
Jose Topgun,Twilight G,0.6863299739814315
Jose Topgun,Twilight Grey,0.7773620272789368
Jose Topgun,TwilightGrey,0.48088452749644484
Jose Topgun,Unmatched Telegram User,0.048567011951057955
Jose Topgun,blondtrip24,-0.2668279188252196
Jose Topgun,kikteam,0.17038995243552096
Jose Topgun,ladyancy96,0.0011551927553575933
Jose Topgun,maverick,0.16490926802302602
Jose Topgun,status@broadcast,-0.021733412300449076
KakaoKalk,46708275344@s.whatsapp.net,-0.1794808954721408
KakaoKalk,Bad Boy,-0.19663427642463222
KakaoKalk,Big Boss,-0.16698207078700852
KakaoKalk,Dadusko,-0.07147416898918633
KakaoKalk,Goldfinger,-0.3036459708439647
KakaoKalk,Goldfinger SOB,-0.05555555555555555
KakaoKalk,Goldy Finger,-0.23696009342630237
KakaoKalk,Gooooosssse,-0.1201441686547177
KakaoKalk,Goose,-0.20324289270531085
KakaoKalk,Goose System,-0.1578469108248363
KakaoKalk,Goose.4444,-0.11354490488594383
KakaoKalk,Jose Topgun,-0.21501589235910987
KakaoKalk,KakaoTalk,-0.05555555555555556
KakaoKalk,Maverick,-0.20054315124076946
KakaoKalk,Maverick SOB,-0.20094521426457193
KakaoKalk,Maverick.4444,-0.16032238048243547
KakaoKalk,Michael Jonson,-0.13425956276157971
KakaoKalk,Mike Jonson,-0.11895773785772168
KakaoKalk,Mike.Jonson,-0.10635415023904661
KakaoKalk,Rupert Beae,-0.27908181129505544
KakaoKalk,Telegram,-0.11340230290662863
KakaoKalk,Twi Grey,-0.17087153154335222
KakaoKalk,Twilight G,-0.11116950152510048
KakaoKalk,Twilight Grey,-0.18223360429586924
KakaoKalk,TwilightGrey,-0.09340808971963419
KakaoKalk,Unmatched Telegram User,-0.14937635992171192
KakaoKalk,blondtrip24,-0.11903843469186959
KakaoKalk,kikteam,-0.05555555555555555
KakaoKalk,ladyancy96,-0.07909649964604157
KakaoKalk,maverick,-0.11591933675782026
KakaoKalk,status@broadcast,-0.09523809523809536
KakaoTalk,46708275344@s.whatsapp.net,-0.21695492859269766
KakaoTalk,Bad Boy,-0.15730742113970575
KakaoTalk,Big Boss,0.02414198613788077
KakaoTalk,Dadusko,-0.07147416898918633
KakaoTalk,Goldfinger,-0.14087650057964501
KakaoTalk,Goldfinger SOB,-0.05555555555555555
KakaoTalk,Goldy Finger,-0.05157366739278344
KakaoTalk,Gooooosssse,0.4753530151121439
KakaoTalk,Goose,-0.13106317380062094
KakaoTalk,Goose System,-0.15784691082483623
KakaoTalk,Goose.4444,-0.11354490488594374
KakaoTalk,Jose Topgun,-0.17647530787964677
KakaoTalk,KakaoKalk,-0.05555555555555555
KakaoTalk,Maverick,-0.06663414609916936
KakaoTalk,Maverick SOB,-0.1556729723156367
KakaoTalk,Maverick.4444,-0.11345891541833891
KakaoTalk,Michael Jonson,0.9020564373043639
KakaoTalk,Mike Jonson,-0.11895773785772162
KakaoTalk,Mike.Jonson,-0.10635415023904654
KakaoTalk,Rupert Beae,0.0952161473830189
KakaoTalk,Telegram,-0.11340230290662863
KakaoTalk,Twi Grey,0.23494835587210927
KakaoTalk,Twilight G,0.07250184882071772
KakaoTalk,Twilight Grey,0.04689835404673104
KakaoTalk,TwilightGrey,-0.09340808971963416
KakaoTalk,Unmatched Telegram User,-0.14937635992171192
KakaoTalk,blondtrip24,-0.11903843469186957
KakaoTalk,kikteam,-0.055555555555555546
KakaoTalk,ladyancy96,-0.0790964996460416
KakaoTalk,maverick,0.5366635961010195
KakaoTalk,status@broadcast,-0.09523809523809525
Maverick,46708275344@s.whatsapp.net,0.944703845511418
Maverick,Bad Boy,0.7413275625743133
Maverick,Big Boss,0.9044652169417096
Maverick,Dadusko,-0.10921970405480828
Maverick,Goldfinger,0.5222548844065332
Maverick,Goldfinger SOB,0.7368198847504305
Maverick,Goldy Finger,0.5050253540830822
Maverick,Gooooosssse,0.2988684630309397
Maverick,Goose,0.8367302631549799
Maverick,Goose System,0.9557157833196777
Maverick,Goose.4444,0.7251889808115085
Maverick,Jose Topgun,0.652850664536089
Maverick,KakaoKalk,-0.20054315124076946
Maverick,KakaoTalk,-0.06663414609916936
Maverick,Maverick SOB,0.9417528785476961
Maverick,Maverick.4444,0.6178692959332335
Maverick,Michael Jonson,-0.06266153379669279
Maverick,Mike Jonson,0.3004504191699832
Maverick,Mike.Jonson,-0.06591795835689382
Maverick,Rupert Beae,0.7034353525554874
Maverick,Telegram,0.7486132362939214
Maverick,Twi Grey,0.3629248802809228
Maverick,Twilight G,0.43647119423635633
Maverick,Twilight Grey,0.6402520458047406
Maverick,TwilightGrey,0.8236421388478289
Maverick,Unmatched Telegram User,0.12789238756676816
Maverick,blondtrip24,-0.06906034329769839
Maverick,kikteam,0.4933489663111579
Maverick,ladyancy96,-0.11913419758208345
Maverick,maverick,0.4884557378174792
Maverick,status@broadcast,-0.11944719870798906
Maverick SOB,46708275344@s.whatsapp.net,0.9251089054678729
Maverick SOB,Bad Boy,0.8083552210515601
Maverick SOB,Big Boss,0.8392796426331175
Maverick SOB,Dadusko,-0.22454720298289285
Maverick SOB,Goldfinger,0.565278578878226
Maverick SOB,Goldfinger SOB,0.666772756423352
Maverick SOB,Goldy Finger,0.4963079219972365
Maverick SOB,Gooooosssse,0.3720932736753595
Maverick SOB,Goose,0.8901371800943273
Maverick SOB,Goose System,0.9492696387035545
Maverick SOB,Goose.4444,0.625724032499463
Maverick SOB,Jose Topgun,0.7215429343048289
Maverick SOB,KakaoKalk,-0.20094521426457193
Maverick SOB,KakaoTalk,-0.1556729723156367
Maverick SOB,Maverick,0.9417528785476961
Maverick SOB,Maverick.4444,0.5808579845831058
Maverick SOB,Michael Jonson,-0.07077940522672277
Maverick SOB,Mike Jonson,0.3506233198484773
Maverick SOB,Mike.Jonson,0.041200424010786774
Maverick SOB,Rupert Beae,0.6587781760802621
Maverick SOB,Telegram,0.6679573628965876
Maverick SOB,Twi Grey,0.41564320182807907
Maverick SOB,Twilight G,0.4985673212174997
Maverick SOB,Twilight Grey,0.6475325515392666
Maverick SOB,TwilightGrey,0.7006125399125926
Maverick SOB,Unmatched Telegram User,0.06930396609600116
Maverick SOB,blondtrip24,-0.017943235853873196
Maverick SOB,kikteam,0.4705930413112998
Maverick SOB,ladyancy96,-0.10131994038579017
Maverick SOB,maverick,0.4600376878438558
Maverick SOB,status@broadcast,-0.05990913220310219
Maverick.4444,46708275344@s.whatsapp.net,0.5426835682698142
Maverick.4444,Bad Boy,0.5613367792314184
Maverick.4444,Big Boss,0.5397562073710048
Maverick.4444,Dadusko,0.38158166688116235
Maverick.4444,Goldfinger,0.12420232534805022
Maverick.4444,Goldfinger SOB,0.6832199906713015
Maverick.4444,Goldy Finger,0.23330333254572155
Maverick.4444,Gooooosssse,0.4772803254810371
Maverick.4444,Goose,0.6584528709634849
Maverick.4444,Goose System,0.6716001633218909
Maverick.4444,Goose.4444,0.6862780334084618
Maverick.4444,Jose Topgun,0.4078686425015614
Maverick.4444,KakaoKalk,-0.16032238048243547
Maverick.4444,KakaoTalk,-0.1134589154183389
Maverick.4444,Maverick,0.6178692959332336
Maverick.4444,Maverick SOB,0.5808579845831058
Maverick.4444,Michael Jonson,-0.15386101696635643
Maverick.4444,Mike Jonson,0.3479831234499134
Maverick.4444,Mike.Jonson,-0.10723059317585566
Maverick.4444,Rupert Beae,0.48803543676002453
Maverick.4444,Telegram,0.476284350125219
Maverick.4444,Twi Grey,0.2035624357701819
Maverick.4444,Twilight G,0.24999829617317734
Maverick.4444,Twilight Grey,0.3534886755274076
Maverick.4444,TwilightGrey,0.6534543660165899
Maverick.4444,Unmatched Telegram User,0.1509537044280667
Maverick.4444,blondtrip24,-0.16015682501261103
Maverick.4444,kikteam,0.07399494483804711
Maverick.4444,ladyancy96,0.5590538325648482
Maverick.4444,maverick,0.5419039096291477
Maverick.4444,status@broadcast,0.026426766013588242
Michael Jonson,46708275344@s.whatsapp.net,-0.1719643917371541
Michael Jonson,Bad Boy,-0.14553017627161788
Michael Jonson,Big Boss,0.05834326505522382
Michael Jonson,Dadusko,-0.17272963219023754
Michael Jonson,Goldfinger,-0.014017778921648663
Michael Jonson,Goldfinger SOB,-0.13425956276157974
Michael Jonson,Goldy Finger,-0.06863436848731005
Michael Jonson,Gooooosssse,0.5191567501878497
Michael Jonson,Goose,-0.008750425670589103
Michael Jonson,Goose System,-0.13188761301198404
Michael Jonson,Goose.4444,-0.22945584732328253
Michael Jonson,Jose Topgun,-0.12959934719172103
Michael Jonson,KakaoKalk,-0.13425956276157971
Michael Jonson,KakaoTalk,0.9020564373043639
Michael Jonson,Maverick,-0.06266153379669279
Michael Jonson,Maverick SOB,-0.07077940522672277
Michael Jonson,Maverick.4444,-0.15386101696635643
Michael Jonson,Mike Jonson,-0.0978236849652915
Michael Jonson,Mike.Jonson,-0.06995588700162543
Michael Jonson,Rupert Beae,0.2583735673332545
Michael Jonson,Telegram,-0.07879115315277098
Michael Jonson,Twi Grey,0.38390559138225316
Michael Jonson,Twilight G,0.27231051095506814
Michael Jonson,Twilight Grey,0.1383330098441316
Michael Jonson,TwilightGrey,-0.1682947920900107
Michael Jonson,Unmatched Telegram User,-0.10582701802743924
Michael Jonson,blondtrip24,-0.05745720043497549
Michael Jonson,kikteam,0.10489028340748417
Michael Jonson,ladyancy96,-0.05495571304747355
Michael Jonson,maverick,0.5022399978550632
Michael Jonson,status@broadcast,-0.09350219549467163
Mike Jonson,46708275344@s.whatsapp.net,0.391350216613467
Mike Jonson,Bad Boy,0.23391168708764173
Mike Jonson,Big Boss,0.13354223671349671
Mike Jonson,Dadusko,-0.15304329824785431
Mike Jonson,Goldfinger,0.2189908686756728
Mike Jonson,Goldfinger SOB,0.13217526428635737
Mike Jonson,Goldy Finger,-0.015918063064403142
Mike Jonson,Gooooosssse,0.07332457675458666
Mike Jonson,Goose,0.44920095071723554
Mike Jonson,Goose System,0.2596503753838692
Mike Jonson,Goose.4444,0.3763342201601946
Mike Jonson,Jose Topgun,0.117271819066326
Mike Jonson,KakaoKalk,-0.1189577378577217
Mike Jonson,KakaoTalk,-0.11895773785772162
Mike Jonson,Maverick,0.30045041916998316
Mike Jonson,Maverick SOB,0.3506233198484773
Mike Jonson,Maverick.4444,0.3479831234499134
Mike Jonson,Michael Jonson,-0.0978236849652915
Mike Jonson,Mike.Jonson,-0.010611060555795119
Mike Jonson,Rupert Beae,0.3522993498341599
Mike Jonson,Telegram,0.06475239082381763
Mike Jonson,Twi Grey,0.21342815399515577
Mike Jonson,Twilight G,0.06784729328622546
Mike Jonson,Twilight Grey,0.1791630985106916
Mike Jonson,TwilightGrey,0.1015919090345946
Mike Jonson,Unmatched Telegram User,-0.09477052728377432
Mike Jonson,blondtrip24,0.11944110105910323
Mike Jonson,kikteam,0.13217526428635734
Mike Jonson,ladyancy96,-0.026345593877000122
Mike Jonson,maverick,0.04290067312121959
Mike Jonson,status@broadcast,0.7647283147996393
Mike.Jonson,46708275344@s.whatsapp.net,-0.04159420199802983
Mike.Jonson,Bad Boy,0.31328830540271485
Mike.Jonson,Big Boss,-0.1426260620831693
Mike.Jonson,Dadusko,-0.1368283411239647
Mike.Jonson,Goldfinger,0.2552301125735647
Mike.Jonson,Goldfinger SOB,-0.10635415023904651
Mike.Jonson,Goldy Finger,0.07790047816888389
Mike.Jonson,Gooooosssse,0.12548439327639732
Mike.Jonson,Goose,-0.15284148856483895
Mike.Jonson,Goose System,-0.10281631161656928
Mike.Jonson,Goose.4444,-0.13467596662945516
Mike.Jonson,Jose Topgun,-0.19027762530578968
Mike.Jonson,KakaoKalk,-0.1063541502390466
Mike.Jonson,KakaoTalk,-0.10635415023904654
Mike.Jonson,Maverick,-0.0659179583568938
Mike.Jonson,Maverick SOB,0.041200424010786774
Mike.Jonson,Maverick.4444,-0.10723059317585566
Mike.Jonson,Michael Jonson,-0.06995588700162543
Mike.Jonson,Mike Jonson,-0.010611060555795117
Mike.Jonson,Rupert Beae,-0.13169127909043254
Mike.Jonson,Telegram,0.02240975484842715
Mike.Jonson,Twi Grey,-0.2268680954822476
Mike.Jonson,Twilight G,-0.23550497109394225
Mike.Jonson,Twilight Grey,-0.1224662797581021
Mike.Jonson,TwilightGrey,-0.17881808413651754
Mike.Jonson,Unmatched Telegram User,-0.04392662440168377
Mike.Jonson,blondtrip24,0.8773380669666366
Mike.Jonson,kikteam,-0.10635415023904654
Mike.Jonson,ladyancy96,-0.07717552717149131
Mike.Jonson,maverick,-0.00026512908725056876
Mike.Jonson,status@broadcast,-0.01470333874272534
Rupert Beae,46708275344@s.whatsapp.net,0.6735903459808368
Rupert Beae,Bad Boy,0.4224241627393956
Rupert Beae,Big Boss,0.7300970577013387
Rupert Beae,Dadusko,-0.03801690315122803
Rupert Beae,Goldfinger,0.5925631654415796
Rupert Beae,Goldfinger SOB,0.37593961639157464
Rupert Beae,Goldy Finger,0.47186135738796486
Rupert Beae,Gooooosssse,0.26750292799829295
Rupert Beae,Goose,0.7471882185504773
Rupert Beae,Goose System,0.6317967109436798
Rupert Beae,Goose.4444,0.453997820917022
Rupert Beae,Jose Topgun,0.4459567562372842
Rupert Beae,KakaoKalk,-0.27908181129505544
Rupert Beae,KakaoTalk,0.0952161473830189
Rupert Beae,Maverick,0.7034353525554875
Rupert Beae,Maverick SOB,0.6587781760802621
Rupert Beae,Maverick.4444,0.4880354367600245
Rupert Beae,Michael Jonson,0.25837356733325445
Rupert Beae,Mike Jonson,0.35229934983415995
Rupert Beae,Mike.Jonson,-0.13169127909043254
Rupert Beae,Telegram,0.6145770267930664
Rupert Beae,Twi Grey,0.5446852784785788
Rupert Beae,Twilight G,0.6084466973660999
Rupert Beae,Twilight Grey,0.5846655937454731
Rupert Beae,TwilightGrey,0.47475336762989434
Rupert Beae,Unmatched Telegram User,0.028376018759837765
Rupert Beae,blondtrip24,-0.10980925178220562
Rupert Beae,kikteam,0.5318970991741055
Rupert Beae,ladyancy96,0.06450917136538464
Rupert Beae,maverick,0.33124864618045385
Rupert Beae,status@broadcast,0.016182054604503195
Telegram,46708275344@s.whatsapp.net,0.696896498361496
Telegram,Bad Boy,0.7305080254922887
Telegram,Big Boss,0.7046986066972346
Telegram,Dadusko,-0.14589603651080288
Telegram,Goldfinger,0.4581577313021228
Telegram,Goldfinger SOB,0.7484551991837489
Telegram,Goldy Finger,0.39207566500628077
Telegram,Gooooosssse,0.2004597059771352
Telegram,Goose,0.7343548096317022
Telegram,Goose System,0.7150048042782056
Telegram,Goose.4444,0.6185929879720687
Telegram,Jose Topgun,0.4107435448789775
Telegram,KakaoKalk,-0.11340230290662864
Telegram,KakaoTalk,-0.11340230290662863
Telegram,Maverick,0.7486132362939214
Telegram,Maverick SOB,0.6679573628965876
Telegram,Maverick.4444,0.476284350125219
Telegram,Michael Jonson,-0.07879115315277097
Telegram,Mike Jonson,0.06475239082381763
Telegram,Mike.Jonson,0.02240975484842715
Telegram,Rupert Beae,0.6145770267930664
Telegram,Twi Grey,0.20346086437108712
Telegram,Twilight G,0.26046905136144144
Telegram,Twilight Grey,0.3347845083848551
Telegram,TwilightGrey,0.7408831771886952
Telegram,Unmatched Telegram User,0.0813101914316715
Telegram,blondtrip24,-0.002112923367932608
Telegram,kikteam,0.31752644813855996
Telegram,ladyancy96,-0.16145505381086014
Telegram,maverick,0.4294203114983633
Telegram,status@broadcast,-0.19440394783993478
Twi Grey,46708275344@s.whatsapp.net,0.3772438345216054
Twi Grey,Bad Boy,0.1385966998622076
Twi Grey,Big Boss,0.392665394760768
Twi Grey,Dadusko,0.04121853993327594
Twi Grey,Goldfinger,0.5656462483977245
Twi Grey,Goldfinger SOB,0.2349483558721093
Twi Grey,Goldy Finger,0.5880538437622919
Twi Grey,Gooooosssse,0.08836489531736556
Twi Grey,Goose,0.4293991160514736
Twi Grey,Goose System,0.4668052631156503
Twi Grey,Goose.4444,0.1274483874928083
Twi Grey,Jose Topgun,0.6870571036210152
Twi Grey,KakaoKalk,-0.17087153154335222
Twi Grey,KakaoTalk,0.2349483558721093
Twi Grey,Maverick,0.3629248802809228
Twi Grey,Maverick SOB,0.41564320182807907
Twi Grey,Maverick.4444,0.20356243577018188
Twi Grey,Michael Jonson,0.3839055913822531
Twi Grey,Mike Jonson,0.2134281539951558
Twi Grey,Mike.Jonson,-0.22686809548224762
Twi Grey,Rupert Beae,0.5446852784785788
Twi Grey,Telegram,0.20346086437108712
Twi Grey,Twilight G,0.799677800725366
Twi Grey,Twilight Grey,0.7641533880767462
Twi Grey,TwilightGrey,0.2000798198384069
Twi Grey,Unmatched Telegram User,-0.16499551066825363
Twi Grey,blondtrip24,-0.24010373584868314
Twi Grey,kikteam,0.23494835587210927
Twi Grey,ladyancy96,-0.012163806030813601
Twi Grey,maverick,0.2079768033766326
Twi Grey,status@broadcast,0.22884580117413247
Twilight G,46708275344@s.whatsapp.net,0.43799879279579607
Twilight G,Bad Boy,0.20186989592550816
Twilight G,Big Boss,0.5138994215332644
Twilight G,Dadusko,-0.14302345929207552
Twilight G,Goldfinger,0.5001176671431268
Twilight G,Goldfinger SOB,0.25617319916653586
Twilight G,Goldy Finger,0.507397466376373
Twilight G,Gooooosssse,0.18269692641928958
Twilight G,Goose,0.47247199614531304
Twilight G,Goose System,0.502655192111454
Twilight G,Goose.4444,0.27115214733555126
Twilight G,Jose Topgun,0.6863299739814314
Twilight G,KakaoKalk,-0.11116950152510047
Twilight G,KakaoTalk,0.07250184882071771
Twilight G,Maverick,0.43647119423635633
Twilight G,Maverick SOB,0.49856732121749964
Twilight G,Maverick.4444,0.24999829617317731
Twilight G,Michael Jonson,0.27231051095506814
Twilight G,Mike Jonson,0.06784729328622546
Twilight G,Mike.Jonson,-0.23550497109394222
Twilight G,Rupert Beae,0.6084466973660999
Twilight G,Telegram,0.26046905136144144
Twilight G,Twi Grey,0.7996778007253659
Twilight G,Twilight Grey,0.7982156011500176
Twilight G,TwilightGrey,0.3424828223739532
Twilight G,Unmatched Telegram User,-0.004950885606597948
Twilight G,blondtrip24,-0.2809792756086323
Twilight G,kikteam,0.25617319916653586
Twilight G,ladyancy96,-0.053676253421718015
Twilight G,maverick,0.22224879583390844
Twilight G,status@broadcast,0.04557259068730829
Twilight Grey,46708275344@s.whatsapp.net,0.5528182835626289
Twilight Grey,Bad Boy,0.31680917353070226
Twilight Grey,Big Boss,0.6793801716605034
Twilight Grey,Dadusko,0.04395935957271118
Twilight Grey,Goldfinger,0.5874099475928529
Twilight Grey,Goldfinger SOB,0.4542440577669092
Twilight Grey,Goldy Finger,0.5852107321132861
Twilight Grey,Gooooosssse,0.14211699695264707
Twilight Grey,Goose,0.5798158959819492
Twilight Grey,Goose System,0.7093999865873933
Twilight Grey,Goose.4444,0.4277892989692296
Twilight Grey,Jose Topgun,0.7773620272789368
Twilight Grey,KakaoKalk,-0.18223360429586924
Twilight Grey,KakaoTalk,0.046898354046731046
Twilight Grey,Maverick,0.6402520458047405
Twilight Grey,Maverick SOB,0.6475325515392665
Twilight Grey,Maverick.4444,0.3534886755274076
Twilight Grey,Michael Jonson,0.1383330098441316
Twilight Grey,Mike Jonson,0.17916309851069162
Twilight Grey,Mike.Jonson,-0.1224662797581021
Twilight Grey,Rupert Beae,0.5846655937454731
Twilight Grey,Telegram,0.3347845083848551
Twilight Grey,Twi Grey,0.7641533880767462
Twilight Grey,Twilight G,0.7982156011500174
Twilight Grey,TwilightGrey,0.5802888673093148
Twilight Grey,Unmatched Telegram User,0.15217673392796738
Twilight Grey,blondtrip24,-0.174638160242202
Twilight Grey,kikteam,0.27603031238933123
Twilight Grey,ladyancy96,-0.12896326571234723
Twilight Grey,maverick,0.296569987415576
Twilight Grey,status@broadcast,0.05857508709510078
TwilightGrey,46708275344@s.whatsapp.net,0.66133454557569
TwilightGrey,Bad Boy,0.6281593389905766
TwilightGrey,Big Boss,0.7934578451539658
TwilightGrey,Dadusko,-0.03862696519684538
TwilightGrey,Goldfinger,0.25835343411632455
TwilightGrey,Goldfinger SOB,0.9207368843792508
TwilightGrey,Goldy Finger,0.3331258444800492
TwilightGrey,Gooooosssse,0.29861441819192713
TwilightGrey,Goose,0.6724934037701586
TwilightGrey,Goose System,0.8357896510280821
TwilightGrey,Goose.4444,0.8633189814778363
TwilightGrey,Jose Topgun,0.4808845274964449
TwilightGrey,KakaoKalk,-0.09340808971963419
TwilightGrey,KakaoTalk,-0.09340808971963416
TwilightGrey,Maverick,0.8236421388478289
TwilightGrey,Maverick SOB,0.7006125399125926
TwilightGrey,Maverick.4444,0.6534543660165899
TwilightGrey,Michael Jonson,-0.16829479209001072
TwilightGrey,Mike Jonson,0.1015919090345946
TwilightGrey,Mike.Jonson,-0.17881808413651756
TwilightGrey,Rupert Beae,0.4747533676298943
TwilightGrey,Telegram,0.7408831771886952
TwilightGrey,Twi Grey,0.2000798198384069
TwilightGrey,Twilight G,0.3424828223739532
TwilightGrey,Twilight Grey,0.580288867309315
TwilightGrey,Unmatched Telegram User,0.17085257668848527
TwilightGrey,blondtrip24,-0.20014475018009342
TwilightGrey,kikteam,0.16012815380508708
TwilightGrey,ladyancy96,-0.13298855283803632
TwilightGrey,maverick,0.5888262832793943
TwilightGrey,status@broadcast,-0.1601281538050872
Unmatched Telegram User,46708275344@s.whatsapp.net,0.1507600417219521
Unmatched Telegram User,Bad Boy,0.06042345417905403
Unmatched Telegram User,Big Boss,0.04044142826124696
Unmatched Telegram User,Dadusko,0.37291668092175767
Unmatched Telegram User,Goldfinger,0.014868657337770775
Unmatched Telegram User,Goldfinger SOB,-0.014226319992543994
Unmatched Telegram User,Goldy Finger,-0.023379362735584566
Unmatched Telegram User,Gooooosssse,0.17255583478886424
Unmatched Telegram User,Goose,0.06347565333632571
Unmatched Telegram User,Goose System,0.07086451844564637
Unmatched Telegram User,Goose.4444,-0.13384926687876791
Unmatched Telegram User,Jose Topgun,0.048567011951057955
Unmatched Telegram User,KakaoKalk,-0.14937635992171194
Unmatched Telegram User,KakaoTalk,-0.14937635992171192
Unmatched Telegram User,Maverick,0.12789238756676816
Unmatched Telegram User,Maverick SOB,0.06930396609600116
Unmatched Telegram User,Maverick.4444,0.1509537044280667
Unmatched Telegram User,Michael Jonson,-0.10582701802743924
Unmatched Telegram User,Mike Jonson,-0.09477052728377432
Unmatched Telegram User,Mike.Jonson,-0.04392662440168377
Unmatched Telegram User,Rupert Beae,0.028376018759837765
Unmatched Telegram User,Telegram,0.08131019143167148
Unmatched Telegram User,Twi Grey,-0.16499551066825363
Unmatched Telegram User,Twilight G,-0.004950885606597948
Unmatched Telegram User,Twilight Grey,0.15217673392796738
Unmatched Telegram User,TwilightGrey,0.1708525766884853
Unmatched Telegram User,blondtrip24,-0.09343585554678402
Unmatched Telegram User,kikteam,0.12092371993662396
Unmatched Telegram User,ladyancy96,0.3260980627110208
Unmatched Telegram User,maverick,0.022537776233216306
Unmatched Telegram User,status@broadcast,-0.25607375986579195
blondtrip24,46708275344@s.whatsapp.net,-0.024988927684105874
blondtrip24,Bad Boy,0.21615889333602364
blondtrip24,Big Boss,-0.21891043777570238
blondtrip24,Dadusko,-0.15314711755274835
blondtrip24,Goldfinger,0.2979531584978876
blondtrip24,Goldfinger SOB,-0.11903843469186956
blondtrip24,Goldy Finger,0.0005194193912084963
blondtrip24,Gooooosssse,-0.06326304467144
blondtrip24,Goose,-0.2001363943346996
blondtrip24,Goose System,-0.14068190600391622
blondtrip24,Goose.4444,-0.0631026550487165
blondtrip24,Jose Topgun,-0.2668279188252196
blondtrip24,KakaoKalk,-0.11903843469186959
blondtrip24,KakaoTalk,-0.11903843469186957
blondtrip24,Maverick,-0.06906034329769839
blondtrip24,Maverick SOB,-0.017943235853873196
blondtrip24,Maverick.4444,-0.16015682501261103
blondtrip24,Michael Jonson,-0.05745720043497549
blondtrip24,Mike Jonson,0.11944110105910323
blondtrip24,Mike.Jonson,0.8773380669666366
blondtrip24,Rupert Beae,-0.10980925178220563
blondtrip24,Telegram,-0.002112923367932608
blondtrip24,Twi Grey,-0.24010373584868314
blondtrip24,Twilight G,-0.28097927560863223
blondtrip24,Twilight Grey,-0.174638160242202
blondtrip24,TwilightGrey,-0.20014475018009342
blondtrip24,Unmatched Telegram User,-0.093435855546784
blondtrip24,kikteam,-0.11903843469186957
blondtrip24,ladyancy96,-0.16947942313447448
blondtrip24,maverick,-0.05079579021935273
blondtrip24,status@broadcast,0.13308644872382935
kikteam,46708275344@s.whatsapp.net,0.5512627503787181
kikteam,Bad Boy,0.01966342764246322
kikteam,Big Boss,0.6357389682975265
kikteam,Dadusko,-0.07147416898918632
kikteam,Goldfinger,0.09423495646881659
kikteam,Goldfinger SOB,-0.055555555555555546
kikteam,Goldy Finger,-0.025089892245137888
kikteam,Gooooosssse,-0.020894638026907428
kikteam,Goose,0.44637457743689746
kikteam,Goose System,0.38657412237037925
kikteam,Goose.4444,-0.03915341547791164
kikteam,Jose Topgun,0.17038995243552096
kikteam,KakaoKalk,-0.05555555555555555
kikteam,KakaoTalk,-0.055555555555555546
kikteam,Maverick,0.4933489663111579
kikteam,Maverick SOB,0.4705930413112998
kikteam,Maverick.4444,0.07399494483804711
kikteam,Michael Jonson,0.10489028340748417
kikteam,Mike Jonson,0.13217526428635734
kikteam,Mike.Jonson,-0.10635415023904653
kikteam,Rupert Beae,0.5318970991741057
kikteam,Telegram,0.31752644813855996
kikteam,Twi Grey,0.23494835587210927
kikteam,Twilight G,0.25617319916653586
kikteam,Twilight Grey,0.27603031238933123
kikteam,TwilightGrey,0.16012815380508708
kikteam,Unmatched Telegram User,0.12092371993662396
kikteam,blondtrip24,-0.11903843469186959
kikteam,ladyancy96,-0.0790964996460416
kikteam,maverick,-0.1159193367578202
kikteam,status@broadcast,-0.09523809523809523
ladyancy96,46708275344@s.whatsapp.net,-0.08480345531984292
ladyancy96,Bad Boy,-0.044792878969787245
ladyancy96,Big Boss,-0.15066322658295947
ladyancy96,Dadusko,0.7682911595147685
ladyancy96,Goldfinger,-0.16967229657504693
ladyancy96,Goldfinger SOB,-0.07909649964604157
ladyancy96,Goldy Finger,0.001984522653086784
ladyancy96,Gooooosssse,0.2811230332538364
ladyancy96,Goose,0.008653889346891023
ladyancy96,Goose System,-0.04523278067626922
ladyancy96,Goose.4444,-0.1616580815241757
ladyancy96,Jose Topgun,0.001155192755357593
ladyancy96,KakaoKalk,-0.07909649964604157
ladyancy96,KakaoTalk,-0.0790964996460416
ladyancy96,Maverick,-0.11913419758208343
ladyancy96,Maverick SOB,-0.10131994038579017
ladyancy96,Maverick.4444,0.5590538325648482
ladyancy96,Michael Jonson,-0.05495571304747354
ladyancy96,Mike Jonson,-0.026345593877000126
ladyancy96,Mike.Jonson,-0.07717552717149133
ladyancy96,Rupert Beae,0.06450917136538464
ladyancy96,Telegram,-0.16145505381086014
ladyancy96,Twi Grey,-0.012163806030813603
ladyancy96,Twilight G,-0.05367625342171802
ladyancy96,Twilight Grey,-0.12896326571234723
ladyancy96,TwilightGrey,-0.13298855283803632
ladyancy96,Unmatched Telegram User,0.3260980627110209
ladyancy96,blondtrip24,-0.16947942313447448
ladyancy96,kikteam,-0.0790964996460416
ladyancy96,maverick,0.06723796771145149
ladyancy96,status@broadcast,-0.13559399939321418
maverick,46708275344@s.whatsapp.net,0.28868315203732187
maverick,Bad Boy,0.5819995206253296
maverick,Big Boss,0.4343929622782353
maverick,Dadusko,-0.14913428876177118
maverick,Goldfinger,0.08201935234608093
maverick,Goldfinger SOB,0.6998093293157293
maverick,Goldy Finger,0.13184763296663074
maverick,Gooooosssse,0.8537876351105277
maverick,Goose,0.4572505845581462
maverick,Goose System,0.49438238266030576
maverick,Goose.4444,0.5219433647103323
maverick,Jose Topgun,0.16490926802302602
maverick,KakaoKalk,-0.11591933675782028
maverick,KakaoTalk,0.5366635961010195
maverick,Maverick,0.48845573781747925
maverick,Maverick SOB,0.4600376878438558
maverick,Maverick.4444,0.5419039096291477
maverick,Michael Jonson,0.5022399978550633
maverick,Mike Jonson,0.04290067312121959
maverick,Mike.Jonson,-0.00026512908725056876
maverick,Rupert Beae,0.33124864618045385
maverick,Telegram,0.4294203114983633
maverick,Twi Grey,0.2079768033766326
maverick,Twilight G,0.22224879583390844
maverick,Twilight Grey,0.296569987415576
maverick,TwilightGrey,0.5888262832793942
maverick,Unmatched Telegram User,0.022537776233216306
maverick,blondtrip24,-0.05079579021935273
maverick,kikteam,-0.1159193367578202
maverick,ladyancy96,0.06723796771145149
maverick,status@broadcast,-0.19871886301340613
status@broadcast,46708275344@s.whatsapp.net,-0.02662628669092198
status@broadcast,Bad Boy,-0.1348349324054621
status@broadcast,Big Boss,-0.18796260635921438
status@broadcast,Dadusko,-0.12252714683860524
status@broadcast,Goldfinger,0.05303265948461539
status@broadcast,Goldfinger SOB,-0.09523809523809526
status@broadcast,Goldy Finger,-0.14516294798972637
status@broadcast,Gooooosssse,-0.20596143197951605
status@broadcast,Goose,0.06919484331088686
status@broadcast,Goose System,-0.09457888150878493
status@broadcast,Goose.4444,0.12417226051566264
status@broadcast,Jose Topgun,-0.021733412300449076
status@broadcast,KakaoKalk,-0.09523809523809533
status@broadcast,KakaoTalk,-0.09523809523809525
status@broadcast,Maverick,-0.11944719870798905
status@broadcast,Maverick SOB,-0.05990913220310219
status@broadcast,Maverick.4444,0.02642676601358824
status@broadcast,Michael Jonson,-0.09350219549467166
status@broadcast,Mike Jonson,0.7647283147996393
status@broadcast,Mike.Jonson,-0.014703338742725338
status@broadcast,Rupert Beae,0.016182054604503195
status@broadcast,Telegram,-0.19440394783993478
status@broadcast,Twi Grey,0.22884580117413247
status@broadcast,Twilight G,0.04557259068730829
status@broadcast,Twilight Grey,0.058575087095100786
status@broadcast,TwilightGrey,-0.1601281538050872
status@broadcast,Unmatched Telegram User,-0.25607375986579195
status@broadcast,blondtrip24,0.13308644872382935
status@broadcast,kikteam,-0.09523809523809523
status@broadcast,ladyancy96,-0.13559399939321418
status@broadcast,maverick,-0.1987188630134061
